--
-- PostgreSQL database dump
--

SET client_encoding = 'SQL_ASCII';
SET check_function_bodies = false;
SET client_min_messages = warning;

--
-- Name: SCHEMA public; Type: COMMENT; Schema: -; Owner: postgres81
--

COMMENT ON SCHEMA public IS 'Standard public schema';


SET search_path = public, pg_catalog;

--
-- Name: arg_seq; Type: SEQUENCE; Schema: public; Owner: www
--

CREATE SEQUENCE arg_seq
    START WITH 1
    INCREMENT BY 1
    NO MAXVALUE
    NO MINVALUE
    CACHE 1;


ALTER TABLE public.arg_seq OWNER TO www;

--
-- Name: arg_seq; Type: SEQUENCE SET; Schema: public; Owner: www
--

SELECT pg_catalog.setval('arg_seq', 1, false);


SET default_tablespace = '';

SET default_with_oids = false;

--
-- Name: arg; Type: TABLE; Schema: public; Owner: www; Tablespace: 
--

CREATE TABLE arg (
    id integer DEFAULT nextval('arg_seq'::regclass) NOT NULL,
    "type" character(1),
    name character varying(64),
    pred_id integer,
    "position" integer
);


ALTER TABLE public.arg OWNER TO www;

--
-- Name: pred_seq; Type: SEQUENCE; Schema: public; Owner: www
--

CREATE SEQUENCE pred_seq
    START WITH 1
    INCREMENT BY 1
    NO MAXVALUE
    NO MINVALUE
    CACHE 1;


ALTER TABLE public.pred_seq OWNER TO www;

--
-- Name: pred_seq; Type: SEQUENCE SET; Schema: public; Owner: www
--

SELECT pg_catalog.setval('pred_seq', 1, false);


--
-- Name: pred; Type: TABLE; Schema: public; Owner: www; Tablespace: 
--

CREATE TABLE pred (
    id integer DEFAULT nextval('pred_seq'::regclass) NOT NULL,
    name character varying(64),
    antec_of integer
);


ALTER TABLE public.pred OWNER TO www;

--
-- Name: rule_id_seq; Type: SEQUENCE; Schema: public; Owner: www
--

CREATE SEQUENCE rule_id_seq
    START WITH 1
    INCREMENT BY 1
    NO MAXVALUE
    NO MINVALUE
    CACHE 1;


ALTER TABLE public.rule_id_seq OWNER TO www;

--
-- Name: rule_id_seq; Type: SEQUENCE SET; Schema: public; Owner: www
--

SELECT pg_catalog.setval('rule_id_seq', 1, false);


--
-- Name: rule; Type: TABLE; Schema: public; Owner: www; Tablespace: 
--

CREATE TABLE "rule" (
    id integer DEFAULT nextval('rule_id_seq'::regclass) NOT NULL,
    conseq integer
);


ALTER TABLE public."rule" OWNER TO www;

--
-- Data for Name: arg; Type: TABLE DATA; Schema: public; Owner: www
--

COPY arg (id, "type", name, pred_id, "position") FROM stdin;
1	c	b	1	1
2	v	C	1	2
3	v	C	2	1
4	c	e	2	2
5	c	g	3	1
6	v	C	3	2
7	c	h	3	3
8	c	i	4	1
9	v	J	4	2
10	c	g	5	1
11	c	i	5	2
12	v	K	5	3
\.


--
-- Data for Name: pred; Type: TABLE DATA; Schema: public; Owner: www
--

COPY pred (id, name, antec_of) FROM stdin;
2	d	1
3	f	1
1	a	\N
4	d	\N
5	f	\N
\.


--
-- Data for Name: rule; Type: TABLE DATA; Schema: public; Owner: www
--

COPY "rule" (id, conseq) FROM stdin;
1	1
2	4
3	5
\.


--
-- Name: arg_pkey; Type: CONSTRAINT; Schema: public; Owner: www; Tablespace: 
--

ALTER TABLE ONLY arg
    ADD CONSTRAINT arg_pkey PRIMARY KEY (id);


--
-- Name: pred_pkey; Type: CONSTRAINT; Schema: public; Owner: www; Tablespace: 
--

ALTER TABLE ONLY pred
    ADD CONSTRAINT pred_pkey PRIMARY KEY (id);


--
-- Name: rule_pkey; Type: CONSTRAINT; Schema: public; Owner: www; Tablespace: 
--

ALTER TABLE ONLY "rule"
    ADD CONSTRAINT rule_pkey PRIMARY KEY (id);


--
-- Name: public; Type: ACL; Schema: -; Owner: postgres81
--

REVOKE ALL ON SCHEMA public FROM PUBLIC;
REVOKE ALL ON SCHEMA public FROM postgres81;
GRANT ALL ON SCHEMA public TO postgres81;
GRANT ALL ON SCHEMA public TO PUBLIC;


--
-- PostgreSQL database dump complete
--

